
{
	"telemetry": {
		"eva_time": 11800,
		"eva1": {
			"batt_time_left": 5077.148926,
			"oxy_pri_storage": 23.755802,
			"oxy_sec_storage": 0.000000,
			"oxy_pri_pressure": 0.007708,
			"oxy_sec_pressure": 0.000000,
			"oxy_time_left": 2565,
			"heart_rate": 90.000000,
			"oxy_consumption": 0.100859,
			"co2_production": 0.098795,
			"suit_pressure_oxy": 3.072325,
			"suit_pressure_co2": 8.743575,
			"suit_pressure_other": 11.554200,
			"suit_pressure_total": 23.370102,
			"fan_pri_rpm": 0.000000,
			"fan_sec_rpm": 30001.000000,
			"helmet_pressure_co2": 7.961214,
			"scrubber_a_co2_storage": 0.000000,
			"scrubber_b_co2_storage": 100.095428,
			"temperature": 80.868530,
			"coolant_ml": 20.508068,
			"coolant_gas_pressure": 11.080156,
			"coolant_liquid_pressure": 116.493484
		},
		"eva2": {
			"batt_time_left": 3384.893799,
			"oxy_pri_storage": 24.231962,
			"oxy_sec_storage": 0.000000,
			"oxy_pri_pressure": 0.010242,
			"oxy_sec_pressure": 0.000000,
			"oxy_time_left": 2617,
			"heart_rate": 90.000000,
			"oxy_consumption": 0.098020,
			"co2_production": 0.096154,
			"suit_pressure_oxy": 3.072335,
			"suit_pressure_cO2": 8.743546,
			"suit_pressure_other": 11.554200,
			"suit_pressure_total": 23.370079,
			"fan_pri_rpm": 0.000000,
			"fan_sec_rpm": 30001.000000,
			"helmet_pressure_co2": 7.961679,
			"scrubber_a_co2_storage": 0.000000,
			"scrubber_b_co2_storage": 100.080620,
			"temperature": 71.639572,
			"coolant_ml": 22.034748,
			"coolant_gas_pressure": 0.000000,
			"coolant_liquid_pressure": 121.427689
		}
	}
}