{
	"telemetry":	{
		"eva1":	{
			"primary_battery_level":	100,
			"secondary_battery_level":	79.5987548828125,
			"oxy_pri_storage":	100,
			"oxy_sec_storage":	59.20062255859375,
			"oxy_pri_pressure":	3000,
			"oxy_sec_pressure":	1776.0186767578125,
			"suit_pressure_oxy":	4,
			"suit_pressure_co2":	0.17700017988681793,
			"suit_pressure_other":	0,
			"suit_pressure_total":	4.1770000457763672,
			"helmet_pressure_co2":	0.2655002772808075,
			"fan_pri_rpm":	0,
			"fan_sec_rpm":	30000,
			"scrubber_a_co2_storage":	0,
			"scrubber_b_co2_storage":	53.040081024169922,
			"temperature":	25.461688995361328,
			"coolant_storage":	0,
			"coolant_gas_pressure":	0,
			"coolant_liquid_pressure":	500,
			"heart_rate":	159.46562194824219,
			"oxy_consumption":	0.15157249569892883,
			"co2_production":	0.15157249569892883,
			"eva_elapsed_time":	408
		},
		"eva2":	{
			"battery_level":	100,
			"oxy_pri_storage":	100,
			"oxy_sec_storage":	100,
			"oxy_pri_pressure":	3000,
			"oxy_sec_pressure":	1776.0186767578125,
			"suit_pressure_oxy":	3.921175479888916,
			"suit_pressure_co2":	0.017973372712731361,
			"suit_pressure_other":	0,
			"suit_pressure_total":	4.1770000457763672,
			"helmet_pressure_co2":	0.2655002772808075,
			"fan_pri_rpm":	0,
			"fan_sec_rpm":	28229.998046875,
			"scrubber_a_co2_storage":	58.183322906494141,
			"scrubber_b_co2_storage":	58.183322906494141,
			"temperature":	25.461688995361328,
			"coolant_storage":	100,
			"coolant_gas_pressure":	0,
			"coolant_liquid_pressure":	500,
			"heart_rate":	91.570205688476562,
			"oxy_consumption":	0.15151262283325195,
			"co2_production":	0.15151262283325195,
			"eva_elapsed_time":	0
		}
	},
	"status":	{
		"started":	true
	},
	"dcu":	{
		"eva1":	{
			"oxy":	false,
			"fan":	false,
			"pump":	false,
			"co2":	false,
			"batt":	{
				"lu":	false,
				"ps":	false
			}
		},
		"eva2":	{
			"batt":	false,
			"oxy":	false,
			"comm":	false,
			"fan":	false,
			"pump":	false,
			"co2":	false
		}
	},
	"error":	{
		"fan_error":	false,
		"oxy_error":	false,
		"power_error":	false,
		"scrubber_error":	false
	},
	"imu":	{
		"eva1":	{
			"posx":	-6762.068359,
			"posy":	-10814.757812,
			"heading":	352.071533
		},
		"eva2":	{
			"posx":	-6804.300781,
			"posy":	-10868.552734,
			"heading":	0
		}
	},
	"uia":	{
		"eva1_power":	false,
		"eva1_oxy":	false,
		"eva1_water_supply":	false,
		"eva1_water_waste":	false,
		"eva2_power":	false,
		"eva2_oxy":	false,
		"eva2_water_supply":	false,
		"eva2_water_waste":	false,
		"oxy_vent":	false,
		"depress":	false
	}
}