{
	"pr_telemetry":	{
		"cabin_heating":	false,
		"cabin_cooling":	false,
		"lights_on":	false,
		"brakes":	false,
		"throttle":	0,
		"steering":	0,
		"rover_pos_x":	-5662,
		"rover_pos_y":	-10095.299805,
		"rover_pos_z":	1440.700073,
		"heading":	343.800018,
		"pitch":	1.2,
		"roll":	3.7,
		"distance_traveled":	1806.700073,
		"speed":	0,
		"sunlight":	58.823532,
		"surface_incline":	-0.5,
		"lidar":	[-1, -1, -1, 525.07, 247.03, 421.12, 422.72, 381.66, 365.05, 596.1, 243.11, 239.77, 646.67, -1, -1, -1, 346.68],
		"oxygen_storage":	99.6399917602539,
		"oxygen_pressure":	2989.19970703125,
		"cabin_pressure":	4.0063958168029785,
		"cabin_temperature":	10.700002670288086,
		"external_temp":	-171.23529052734375,
		"coolant_pressure":	500.07992553710938,
		"coolant_storage":	100,
		"primary_battery_level":	99.7428665161133,
		"secondary_battery_level":	100,
		"rover_elapsed_time":	9,
		"sim_running":	true,
		"dust_connected":	false,
		"distance_from_base":	0,
		"oxygen_tank":	100,
		"battery_level":	0,
		"fan_pri_rpm":	0,
		"fan_sec_rpm":	0,
		"scrubber_a_co2_storage":	0,
		"scrubber_b_co2_storage":	0,
		"cabin_temperature_target":	13.013529777526855
	}
}